user_id,file_name,timestamp
16,MP11GJ.M,1528254093
11,QVJSCQ20.6,1528240338
40,Y52M.A,1528314871
41,VIG54.MOX,1528291689
47,HV1AZLG3.OC,1528282890
44,PYYR1.YR,1528277653
16,5AT3RYMD.S6,1528283220
16,4PHXTH9W.UKM,1528250608
10,F61ADDH1CV.H6,1528318066
10,UQUAD.TI,1528281546
4,W9XWVPG04.AJ,1528280978
7,0WA01H7X.1HM,1528313475
9,F.3,1528301612
39,Y795X30Q.QR1,1528245227
45,OCJLAU1.Z,1528262429
45,5.518,1528238078
34,J.02,1528270032
16,PZ6DTNPRQ.D6,1528248441
30,41Y0XB0K.TN,1528289022
4,0U.Y,1528260378
29,QO.ONM,1528283957
42,3VGCD.I8,1528238040
37,USA68.VZY,1528290654
15,IC9K9AS9.KR,1528248739
10,WJ1TA9.ST,1528308258
14,543ZDXOH.S,1528255966
19,TGW7X.5V,1528269561
34,5O8QOZGES.6K,1528296490
48,EFX2O1.3RC,1528264016
48,3DBJCSK.TB1,1528248362
11,R.O,1528260163
7,PDH07VCO.KMD,1528269538
15,PO.5Z,1528255955
17,2Q7.M,1528273998
35,UYB7IL2PXQ.J,1528276802
44,4G7N4ZSXL.0B3,1528295379
44,WRU12FQEW.7,1528293115
15,RNU630X.5F,1528303224
34,D6Z.QKF,1528259574
13,1HSO.962,1528306307
42,K0.LC,1528254223
47,DAY7.VH,1528236972
15,2TG.HOA,1528254245
42,6FVORKHV.Y,1528247189
49,NG8DCF.V,1528290063
11,IK7NFC.N,1528268360
47,1K64V4H5.J,1528278720
34,04ZQ44FU5K.8B,1528249638
40,F.V,1528290274
21,OYY3X0O9IB.SX,1528306456
